Country,Region,Happiness Rank,Score,Year
Switzerland,Western Europe,1,7.587,2015
Iceland,Western Europe,2,7.561,2015
Denmark,Western Europe,3,7.527,2015
Norway,Western Europe,4,7.522,2015
Canada,North America,5,7.427,2015
Finland,Western Europe,6,7.406,2015
Netherlands,Western Europe,7,7.378,2015
Sweden,Western Europe,8,7.364,2015
New Zealand,Australia and New Zealand,9,7.286,2015
Australia,Australia and New Zealand,10,7.284,2015
Israel,Middle East and Northern Africa,11,7.278,2015
Costa Rica,Latin America and Caribbean,12,7.226,2015
Austria,Western Europe,13,7.2,2015
Mexico,Latin America and Caribbean,14,7.187,2015
United States,North America,15,7.119,2015
Brazil,Latin America and Caribbean,16,6.983,2015
Luxembourg,Western Europe,17,6.946,2015
Ireland,Western Europe,18,6.94,2015
Belgium,Western Europe,19,6.937,2015
United Arab Emirates,Middle East and Northern Africa,20,6.901,2015
United Kingdom,Western Europe,21,6.867,2015
Oman,Middle East and Northern Africa,22,6.853,2015
Venezuela,Latin America and Caribbean,23,6.81,2015
Singapore,Southeastern Asia,24,6.798,2015
Panama,Latin America and Caribbean,25,6.786,2015
Germany,Western Europe,26,6.75,2015
Chile,Latin America and Caribbean,27,6.67,2015
Qatar,Middle East and Northern Africa,28,6.611,2015
France,Western Europe,29,6.575,2015
Argentina,Latin America and Caribbean,30,6.574,2015
Czech Republic,Central and Eastern Europe,31,6.505,2015
Uruguay,Latin America and Caribbean,32,6.485,2015
Colombia,Latin America and Caribbean,33,6.477,2015
Thailand,Southeastern Asia,34,6.455,2015
Saudi Arabia,Middle East and Northern Africa,35,6.411,2015
Spain,Western Europe,36,6.329,2015
Malta,Western Europe,37,6.302,2015
Taiwan,Eastern Asia,38,6.298,2015
Kuwait,Middle East and Northern Africa,39,6.295,2015
Suriname,Latin America and Caribbean,40,6.269,2015
Trinidad and Tobago,Latin America and Caribbean,41,6.168,2015
El Salvador,Latin America and Caribbean,42,6.13,2015
Guatemala,Latin America and Caribbean,43,6.123,2015
Uzbekistan,Central and Eastern Europe,44,6.003,2015
Slovakia,Central and Eastern Europe,45,5.995,2015
Japan,Eastern Asia,46,5.987,2015
South Korea,Eastern Asia,47,5.984,2015
Ecuador,Latin America and Caribbean,48,5.975,2015
Bahrain,Middle East and Northern Africa,49,5.96,2015
Italy,Western Europe,50,5.948,2015
Bolivia,Latin America and Caribbean,51,5.89,2015
Moldova,Central and Eastern Europe,52,5.889,2015
Paraguay,Latin America and Caribbean,53,5.878,2015
Kazakhstan,Central and Eastern Europe,54,5.855,2015
Slovenia,Central and Eastern Europe,55,5.848,2015
Lithuania,Central and Eastern Europe,56,5.833,2015
Nicaragua,Latin America and Caribbean,57,5.828,2015
Peru,Latin America and Caribbean,58,5.824,2015
Belarus,Central and Eastern Europe,59,5.813,2015
Poland,Central and Eastern Europe,60,5.791,2015
Malaysia,Southeastern Asia,61,5.77,2015
Croatia,Central and Eastern Europe,62,5.759,2015
Libya,Middle East and Northern Africa,63,5.754,2015
Russia,Central and Eastern Europe,64,5.716,2015
Jamaica,Latin America and Caribbean,65,5.709,2015
North Cyprus,Western Europe,66,5.695,2015
Cyprus,Western Europe,67,5.689,2015
Algeria,Middle East and Northern Africa,68,5.605,2015
Kosovo,Central and Eastern Europe,69,5.589,2015
Turkmenistan,Central and Eastern Europe,70,5.548,2015
Mauritius,Sub-Saharan Africa,71,5.477,2015
Hong Kong,Eastern Asia,72,5.474,2015
Estonia,Central and Eastern Europe,73,5.429,2015
Indonesia,Southeastern Asia,74,5.399,2015
Vietnam,Southeastern Asia,75,5.36,2015
Turkey,Middle East and Northern Africa,76,5.332,2015
Kyrgyzstan,Central and Eastern Europe,77,5.286,2015
Nigeria,Sub-Saharan Africa,78,5.268,2015
Bhutan,Southern Asia,79,5.253,2015
Azerbaijan,Central and Eastern Europe,80,5.212,2015
Pakistan,Southern Asia,81,5.194,2015
Jordan,Middle East and Northern Africa,82,5.192,2015
Montenegro,Central and Eastern Europe,82,5.192,2015
China,Eastern Asia,84,5.14,2015
Zambia,Sub-Saharan Africa,85,5.129,2015
Romania,Central and Eastern Europe,86,5.124,2015
Serbia,Central and Eastern Europe,87,5.123,2015
Portugal,Western Europe,88,5.102,2015
Latvia,Central and Eastern Europe,89,5.098,2015
Philippines,Southeastern Asia,90,5.073,2015
Somaliland region,Sub-Saharan Africa,91,5.057,2015
Morocco,Middle East and Northern Africa,92,5.013,2015
Macedonia,Central and Eastern Europe,93,5.007,2015
Mozambique,Sub-Saharan Africa,94,4.971,2015
Albania,Central and Eastern Europe,95,4.959,2015
Bosnia and Herzegovina,Central and Eastern Europe,96,4.949,2015
Lesotho,Sub-Saharan Africa,97,4.898,2015
Dominican Republic,Latin America and Caribbean,98,4.885,2015
Laos,Southeastern Asia,99,4.876,2015
Mongolia,Eastern Asia,100,4.874,2015
Swaziland,Sub-Saharan Africa,101,4.867,2015
Greece,Western Europe,102,4.857,2015
Lebanon,Middle East and Northern Africa,103,4.839,2015
Hungary,Central and Eastern Europe,104,4.8,2015
Honduras,Latin America and Caribbean,105,4.788,2015
Tajikistan,Central and Eastern Europe,106,4.786,2015
Tunisia,Middle East and Northern Africa,107,4.739,2015
Palestinian Territories,Middle East and Northern Africa,108,4.715,2015
Bangladesh,Southern Asia,109,4.694,2015
Iran,Middle East and Northern Africa,110,4.686,2015
Ukraine,Central and Eastern Europe,111,4.681,2015
Iraq,Middle East and Northern Africa,112,4.677,2015
South Africa,Sub-Saharan Africa,113,4.642,2015
Ghana,Sub-Saharan Africa,114,4.633,2015
Zimbabwe,Sub-Saharan Africa,115,4.61,2015
Liberia,Sub-Saharan Africa,116,4.571,2015
India,Southern Asia,117,4.565,2015
Sudan,Sub-Saharan Africa,118,4.55,2015
Haiti,Latin America and Caribbean,119,4.518,2015
Congo (Kinshasa),Sub-Saharan Africa,120,4.517,2015
Nepal,Southern Asia,121,4.514,2015
Ethiopia,Sub-Saharan Africa,122,4.512,2015
Sierra Leone,Sub-Saharan Africa,123,4.507,2015
Mauritania,Sub-Saharan Africa,124,4.436,2015
Kenya,Sub-Saharan Africa,125,4.419,2015
Djibouti,Sub-Saharan Africa,126,4.369,2015
Armenia,Central and Eastern Europe,127,4.35,2015
Botswana,Sub-Saharan Africa,128,4.332,2015
Myanmar,Southeastern Asia,129,4.307,2015
Georgia,Central and Eastern Europe,130,4.297,2015
Malawi,Sub-Saharan Africa,131,4.292,2015
Sri Lanka,Southern Asia,132,4.271,2015
Cameroon,Sub-Saharan Africa,133,4.252,2015
Bulgaria,Central and Eastern Europe,134,4.218,2015
Egypt,Middle East and Northern Africa,135,4.194,2015
Yemen,Middle East and Northern Africa,136,4.077,2015
Angola,Sub-Saharan Africa,137,4.033,2015
Mali,Sub-Saharan Africa,138,3.995,2015
Congo (Brazzaville),Sub-Saharan Africa,139,3.989,2015
Comoros,Sub-Saharan Africa,140,3.956,2015
Uganda,Sub-Saharan Africa,141,3.931,2015
Senegal,Sub-Saharan Africa,142,3.904,2015
Gabon,Sub-Saharan Africa,143,3.896,2015
Niger,Sub-Saharan Africa,144,3.845,2015
Cambodia,Southeastern Asia,145,3.819,2015
Tanzania,Sub-Saharan Africa,146,3.781,2015
Madagascar,Sub-Saharan Africa,147,3.681,2015
Central African Republic,Sub-Saharan Africa,148,3.678,2015
Chad,Sub-Saharan Africa,149,3.667,2015
Guinea,Sub-Saharan Africa,150,3.656,2015
Ivory Coast,Sub-Saharan Africa,151,3.655,2015
Burkina Faso,Sub-Saharan Africa,152,3.587,2015
Afghanistan,Southern Asia,153,3.575,2015
Rwanda,Sub-Saharan Africa,154,3.465,2015
Benin,Sub-Saharan Africa,155,3.34,2015
Syria,Middle East and Northern Africa,156,3.006,2015
Burundi,Sub-Saharan Africa,157,2.905,2015
Togo,Sub-Saharan Africa,158,2.839,2015
Denmark,Western Europe,1,7.526,2016
Switzerland,Western Europe,2,7.509,2016
Iceland,Western Europe,3,7.501,2016
Norway,Western Europe,4,7.498,2016
Finland,Western Europe,5,7.413,2016
Canada,North America,6,7.404,2016
Netherlands,Western Europe,7,7.339,2016
New Zealand,Australia and New Zealand,8,7.334,2016
Australia,Australia and New Zealand,9,7.313,2016
Sweden,Western Europe,10,7.291,2016
Israel,Middle East and Northern Africa,11,7.267,2016
Austria,Western Europe,12,7.119,2016
United States,North America,13,7.104,2016
Costa Rica,Latin America and Caribbean,14,7.087,2016
Puerto Rico,Latin America and Caribbean,15,7.039,2016
Germany,Western Europe,16,6.994,2016
Brazil,Latin America and Caribbean,17,6.952,2016
Belgium,Western Europe,18,6.929,2016
Ireland,Western Europe,19,6.907,2016
Luxembourg,Western Europe,20,6.871,2016
Mexico,Latin America and Caribbean,21,6.778,2016
Singapore,Southeastern Asia,22,6.739,2016
United Kingdom,Western Europe,23,6.725,2016
Chile,Latin America and Caribbean,24,6.705,2016
Panama,Latin America and Caribbean,25,6.701,2016
Argentina,Latin America and Caribbean,26,6.65,2016
Czech Republic,Central and Eastern Europe,27,6.596,2016
United Arab Emirates,Middle East and Northern Africa,28,6.573,2016
Uruguay,Latin America and Caribbean,29,6.545,2016
Malta,Western Europe,30,6.488,2016
Colombia,Latin America and Caribbean,31,6.481,2016
France,Western Europe,32,6.478,2016
Thailand,Southeastern Asia,33,6.474,2016
Saudi Arabia,Middle East and Northern Africa,34,6.379,2016
Taiwan,Eastern Asia,34,6.379,2016
Qatar,Middle East and Northern Africa,36,6.375,2016
Spain,Western Europe,37,6.361,2016
Algeria,Middle East and Northern Africa,38,6.355,2016
Guatemala,Latin America and Caribbean,39,6.324,2016
Suriname,Latin America and Caribbean,40,6.269,2016
Kuwait,Middle East and Northern Africa,41,6.239,2016
Bahrain,Middle East and Northern Africa,42,6.218,2016
Trinidad and Tobago,Latin America and Caribbean,43,6.168,2016
Venezuela,Latin America and Caribbean,44,6.084,2016
Slovakia,Central and Eastern Europe,45,6.078,2016
El Salvador,Latin America and Caribbean,46,6.068,2016
Malaysia,Southeastern Asia,47,6.005,2016
Nicaragua,Latin America and Caribbean,48,5.992,2016
Uzbekistan,Central and Eastern Europe,49,5.987,2016
Italy,Western Europe,50,5.977,2016
Ecuador,Latin America and Caribbean,51,5.976,2016
Belize,Latin America and Caribbean,52,5.956,2016
Japan,Eastern Asia,53,5.921,2016
Kazakhstan,Central and Eastern Europe,54,5.919,2016
Moldova,Central and Eastern Europe,55,5.897,2016
Russia,Central and Eastern Europe,56,5.856,2016
Poland,Central and Eastern Europe,57,5.835,2016
South Korea,Eastern Asia,57,5.835,2016
Bolivia,Latin America and Caribbean,59,5.822,2016
Lithuania,Central and Eastern Europe,60,5.813,2016
Belarus,Central and Eastern Europe,61,5.802,2016
North Cyprus,Western Europe,62,5.771,2016
Slovenia,Central and Eastern Europe,63,5.768,2016
Peru,Latin America and Caribbean,64,5.743,2016
Turkmenistan,Central and Eastern Europe,65,5.658,2016
Mauritius,Sub-Saharan Africa,66,5.648,2016
Libya,Middle East and Northern Africa,67,5.615,2016
Latvia,Central and Eastern Europe,68,5.56,2016
Cyprus,Western Europe,69,5.546,2016
Paraguay,Latin America and Caribbean,70,5.538,2016
Romania,Central and Eastern Europe,71,5.528,2016
Estonia,Central and Eastern Europe,72,5.517,2016
Jamaica,Latin America and Caribbean,73,5.51,2016
Croatia,Central and Eastern Europe,74,5.488,2016
Hong Kong,Eastern Asia,75,5.458,2016
Somalia,Sub-Saharan Africa,76,5.44,2016
Kosovo,Central and Eastern Europe,77,5.401,2016
Turkey,Middle East and Northern Africa,78,5.389,2016
Indonesia,Southeastern Asia,79,5.314,2016
Jordan,Middle East and Northern Africa,80,5.303,2016
Azerbaijan,Central and Eastern Europe,81,5.291,2016
Philippines,Southeastern Asia,82,5.279,2016
China,Eastern Asia,83,5.245,2016
Bhutan,Southern Asia,84,5.196,2016
Kyrgyzstan,Central and Eastern Europe,85,5.185,2016
Serbia,Central and Eastern Europe,86,5.177,2016
Bosnia and Herzegovina,Central and Eastern Europe,87,5.163,2016
Montenegro,Central and Eastern Europe,88,5.161,2016
Dominican Republic,Latin America and Caribbean,89,5.155,2016
Morocco,Middle East and Northern Africa,90,5.151,2016
Hungary,Central and Eastern Europe,91,5.145,2016
Pakistan,Southern Asia,92,5.132,2016
Lebanon,Middle East and Northern Africa,93,5.129,2016
Portugal,Western Europe,94,5.123,2016
Macedonia,Central and Eastern Europe,95,5.121,2016
Vietnam,Southeastern Asia,96,5.061,2016
Somaliland Region,Sub-Saharan Africa,97,5.057,2016
Tunisia,Middle East and Northern Africa,98,5.045,2016
Greece,Western Europe,99,5.033,2016
Tajikistan,Central and Eastern Europe,100,4.996,2016
Mongolia,Eastern Asia,101,4.907,2016
Laos,Southeastern Asia,102,4.876,2016
Nigeria,Sub-Saharan Africa,103,4.875,2016
Honduras,Latin America and Caribbean,104,4.871,2016
Iran,Middle East and Northern Africa,105,4.813,2016
Zambia,Sub-Saharan Africa,106,4.795,2016
Nepal,Southern Asia,107,4.793,2016
Palestinian Territories,Middle East and Northern Africa,108,4.754,2016
Albania,Central and Eastern Europe,109,4.655,2016
Bangladesh,Southern Asia,110,4.643,2016
Sierra Leone,Sub-Saharan Africa,111,4.635,2016
Iraq,Middle East and Northern Africa,112,4.575,2016
Namibia,Sub-Saharan Africa,113,4.574,2016
Cameroon,Sub-Saharan Africa,114,4.513,2016
Ethiopia,Sub-Saharan Africa,115,4.508,2016
South Africa,Sub-Saharan Africa,116,4.459,2016
Sri Lanka,Southern Asia,117,4.415,2016
India,Southern Asia,118,4.404,2016
Myanmar,Southeastern Asia,119,4.395,2016
Egypt,Middle East and Northern Africa,120,4.362,2016
Armenia,Central and Eastern Europe,121,4.36,2016
Kenya,Sub-Saharan Africa,122,4.356,2016
Ukraine,Central and Eastern Europe,123,4.324,2016
Ghana,Sub-Saharan Africa,124,4.276,2016
Congo (Kinshasa),Sub-Saharan Africa,125,4.272,2016
Georgia,Central and Eastern Europe,126,4.252,2016
Congo (Brazzaville),Sub-Saharan Africa,127,4.236,2016
Senegal,Sub-Saharan Africa,128,4.219,2016
Bulgaria,Central and Eastern Europe,129,4.217,2016
Mauritania,Sub-Saharan Africa,130,4.201,2016
Zimbabwe,Sub-Saharan Africa,131,4.193,2016
Malawi,Sub-Saharan Africa,132,4.156,2016
Sudan,Sub-Saharan Africa,133,4.139,2016
Gabon,Sub-Saharan Africa,134,4.121,2016
Mali,Sub-Saharan Africa,135,4.073,2016
Haiti,Latin America and Caribbean,136,4.028,2016
Botswana,Sub-Saharan Africa,137,3.974,2016
Comoros,Sub-Saharan Africa,138,3.956,2016
Ivory Coast,Sub-Saharan Africa,139,3.916,2016
Cambodia,Southeastern Asia,140,3.907,2016
Angola,Sub-Saharan Africa,141,3.866,2016
Niger,Sub-Saharan Africa,142,3.856,2016
South Sudan,Sub-Saharan Africa,143,3.832,2016
Chad,Sub-Saharan Africa,144,3.763,2016
Burkina Faso,Sub-Saharan Africa,145,3.739,2016
Uganda,Sub-Saharan Africa,145,3.739,2016
Yemen,Middle East and Northern Africa,147,3.724,2016
Madagascar,Sub-Saharan Africa,148,3.695,2016
Tanzania,Sub-Saharan Africa,149,3.666,2016
Liberia,Sub-Saharan Africa,150,3.622,2016
Guinea,Sub-Saharan Africa,151,3.607,2016
Rwanda,Sub-Saharan Africa,152,3.515,2016
Benin,Sub-Saharan Africa,153,3.484,2016
Afghanistan,Southern Asia,154,3.36,2016
Togo,Sub-Saharan Africa,155,3.303,2016
Syria,Middle East and Northern Africa,156,3.069,2016
Burundi,Sub-Saharan Africa,157,2.905,2016
Norway,,1,7.537000179,2017
Denmark,,2,7.521999836,2017
Iceland,,3,7.504000187,2017
Switzerland,,4,7.493999958,2017
Finland,,5,7.468999863,2017
Netherlands,,6,7.376999855,2017
Canada,,7,7.315999985,2017
New Zealand,,8,7.31400013,2017
Sweden,,9,7.28399992,2017
Australia,,10,7.28399992,2017
Israel,,11,7.212999821,2017
Costa Rica,,12,7.078999996,2017
Austria,,13,7.006000042,2017
United States,,14,6.993000031,2017
Ireland,,15,6.977000237,2017
Germany,,16,6.951000214,2017
Belgium,,17,6.890999794,2017
Luxembourg,,18,6.862999916,2017
United Kingdom,,19,6.714000225,2017
Chile,,20,6.65199995,2017
United Arab Emirates,,21,6.647999763,2017
Brazil,,22,6.635000229,2017
Czech Republic,,23,6.609000206,2017
Argentina,,24,6.598999977,2017
Mexico,,25,6.578000069,2017
Singapore,,26,6.572000027,2017
Malta,,27,6.52699995,2017
Uruguay,,28,6.453999996,2017
Guatemala,,29,6.453999996,2017
Panama,,30,6.452000141,2017
France,,31,6.441999912,2017
Thailand,,32,6.423999786,2017
Taiwan Province of China,,33,6.421999931,2017
Spain,,34,6.402999878,2017
Qatar,,35,6.375,2017
Colombia,,36,6.356999874,2017
Saudi Arabia,,37,6.343999863,2017
Trinidad and Tobago,,38,6.168000221,2017
Kuwait,,39,6.105000019,2017
Slovakia,,40,6.09800005,2017
Bahrain,,41,6.086999893,2017
Malaysia,,42,6.084000111,2017
Nicaragua,,43,6.071000099,2017
Ecuador,,44,6.007999897,2017
El Salvador,,45,6.002999783,2017
Poland,,46,5.97300005,2017
Uzbekistan,,47,5.971000195,2017
Italy,,48,5.964000225,2017
Russia,,49,5.962999821,2017
Belize,,50,5.955999851,2017
Japan,,51,5.920000076,2017
Lithuania,,52,5.90199995,2017
Algeria,,53,5.872000217,2017
Latvia,,54,5.849999905,2017
South Korea,,55,5.837999821,2017
Moldova,,56,5.837999821,2017
Romania,,57,5.824999809,2017
Bolivia,,58,5.822999954,2017
Turkmenistan,,59,5.822000027,2017
Kazakhstan,,60,5.818999767,2017
North Cyprus,,61,5.809999943,2017
Slovenia,,62,5.757999897,2017
Peru,,63,5.715000153,2017
Mauritius,,64,5.629000187,2017
Cyprus,,65,5.620999813,2017
Estonia,,66,5.611000061,2017
Belarus,,67,5.568999767,2017
Libya,,68,5.525000095,2017
Turkey,,69,5.5,2017
Paraguay,,70,5.493000031,2017
Hong Kong/ China,,71,5.472000122,2017
Philippines,,72,5.429999828,2017
Serbia,,73,5.394999981,2017
Jordan,,74,5.335999966,2017
Hungary,,75,5.323999882,2017
Jamaica,,76,5.31099987,2017
Croatia,,77,5.293000221,2017
Kosovo,,78,5.278999805,2017
China,,79,5.272999763,2017
Pakistan,,80,5.269000053,2017
Indonesia,,81,5.262000084,2017
Venezuela,,82,5.25,2017
Montenegro,,83,5.236999989,2017
Morocco,,84,5.235000134,2017
Azerbaijan,,85,5.234000206,2017
Dominican Republic,,86,5.230000019,2017
Greece,,87,5.227000237,2017
Lebanon,,88,5.224999905,2017
Portugal,,89,5.195000172,2017
Bosnia and Herzegovina,,90,5.18200016,2017
Honduras,,91,5.181000233,2017
Macedonia,,92,5.175000191,2017
Somalia,,93,5.151000023,2017
Vietnam,,94,5.073999882,2017
Nigeria,,95,5.073999882,2017
Tajikistan,,96,5.040999889,2017
Bhutan,,97,5.011000156,2017
Kyrgyzstan,,98,5.004000187,2017
Nepal,,99,4.961999893,2017
Mongolia,,100,4.954999924,2017
South Africa,,101,4.828999996,2017
Tunisia,,102,4.804999828,2017
Palestinian Territories,,103,4.775000095,2017
Egypt,,104,4.735000134,2017
Bulgaria,,105,4.714000225,2017
Sierra Leone,,106,4.709000111,2017
Cameroon,,107,4.695000172,2017
Iran,,108,4.691999912,2017
Albania,,109,4.644000053,2017
Bangladesh,,110,4.607999802,2017
Namibia,,111,4.573999882,2017
Kenya,,112,4.552999973,2017
Mozambique,,113,4.550000191,2017
Myanmar,,114,4.545000076,2017
Senegal,,115,4.534999847,2017
Zambia,,116,4.513999939,2017
Iraq,,117,4.497000217,2017
Gabon,,118,4.465000153,2017
Ethiopia,,119,4.460000038,2017
Sri Lanka,,120,4.440000057,2017
Armenia,,121,4.375999928,2017
India,,122,4.315000057,2017
Mauritania,,123,4.291999817,2017
Congo (Brazzaville),,124,4.290999889,2017
Georgia,,125,4.285999775,2017
Congo (Kinshasa),,126,4.28000021,2017
Mali,,127,4.190000057,2017
Ivory Coast,,128,4.179999828,2017
Cambodia,,129,4.168000221,2017
Sudan,,130,4.138999939,2017
Ghana,,131,4.119999886,2017
Ukraine,,132,4.096000195,2017
Uganda,,133,4.080999851,2017
Burkina Faso,,134,4.032000065,2017
Niger,,135,4.027999878,2017
Malawi,,136,3.970000029,2017
Chad,,137,3.936000109,2017
Zimbabwe,,138,3.875,2017
Lesotho,,139,3.808000088,2017
Angola,,140,3.795000076,2017
Afghanistan,,141,3.79399991,2017
Botswana,,142,3.766000032,2017
Benin,,143,3.657000065,2017
Madagascar,,144,3.644000053,2017
Haiti,,145,3.602999926,2017
Yemen,,146,3.592999935,2017
South Sudan,,147,3.59100008,2017
Liberia,,148,3.532999992,2017
Guinea,,149,3.506999969,2017
Togo,,150,3.494999886,2017
Rwanda,,151,3.470999956,2017
Syria,,152,3.461999893,2017
Tanzania,,153,3.348999977,2017
Burundi,,154,2.904999971,2017
Central African Republic,,155,2.693000078,2017
Finland,,1,7.632,2018
Norway,,2,7.594,2018
Denmark,,3,7.555,2018
Iceland,,4,7.495,2018
Switzerland,,5,7.487,2018
Netherlands,,6,7.441,2018
Canada,,7,7.328,2018
New Zealand,,8,7.324,2018
Sweden,,9,7.314,2018
Australia,,10,7.272,2018
United Kingdom,,11,7.19,2018
Austria,,12,7.139,2018
Costa Rica,,13,7.072,2018
Ireland,,14,6.977,2018
Germany,,15,6.965,2018
Belgium,,16,6.927,2018
Luxembourg,,17,6.91,2018
United States,,18,6.886,2018
Israel,,19,6.814,2018
United Arab Emirates,,20,6.774,2018
Czech Republic,,21,6.711,2018
Malta,,22,6.627,2018
France,,23,6.489,2018
Mexico,,24,6.488,2018
Chile,,25,6.476,2018
Taiwan,,26,6.441,2018
Panama,,27,6.43,2018
Brazil,,28,6.419,2018
Argentina,,29,6.388,2018
Guatemala,,30,6.382,2018
Uruguay,,31,6.379,2018
Qatar,,32,6.374,2018
Saudi Arabia,,33,6.371,2018
Singapore,,34,6.343,2018
Malaysia,,35,6.322,2018
Spain,,36,6.31,2018
Colombia,,37,6.26,2018
Trinidad & Tobago,,38,6.192,2018
Slovakia,,39,6.173,2018
El Salvador,,40,6.167,2018
Nicaragua,,41,6.141,2018
Poland,,42,6.123,2018
Bahrain,,43,6.105,2018
Uzbekistan,,44,6.096,2018
Kuwait,,45,6.083,2018
Thailand,,46,6.072,2018
Italy,,47,6,2018
Ecuador,,48,5.973,2018
Belize,,49,5.956,2018
Lithuania,,50,5.952,2018
Slovenia,,51,5.948,2018
Romania,,52,5.945,2018
Latvia,,53,5.933,2018
Japan,,54,5.915,2018
Mauritius,,55,5.891,2018
Jamaica,,56,5.89,2018
South Korea,,57,5.875,2018
Northern Cyprus,,58,5.835,2018
Russia,,59,5.81,2018
Kazakhstan,,60,5.79,2018
Cyprus,,61,5.762,2018
Bolivia,,62,5.752,2018
Estonia,,63,5.739,2018
Paraguay,,64,5.681,2018
Peru,,65,5.663,2018
Kosovo,,66,5.662,2018
Moldova,,67,5.64,2018
Turkmenistan,,68,5.636,2018
Hungary,,69,5.62,2018
Libya,,70,5.566,2018
Philippines,,71,5.524,2018
Honduras,,72,5.504,2018
Belarus,,73,5.483,2018
Turkey,,74,5.483,2018
Pakistan,,75,5.472,2018
Hong Kong,,76,5.43,2018
Portugal,,77,5.41,2018
Serbia,,78,5.398,2018
Greece,,79,5.358,2018
Lebanon,,80,5.358,2018
Montenegro,,81,5.347,2018
Croatia,,82,5.321,2018
Dominican Republic,,83,5.302,2018
Algeria,,84,5.295,2018
Morocco,,85,5.254,2018
China,,86,5.246,2018
Azerbaijan,,87,5.201,2018
Tajikistan,,88,5.199,2018
Macedonia,,89,5.185,2018
Jordan,,90,5.161,2018
Nigeria,,91,5.155,2018
Kyrgyzstan,,92,5.131,2018
Bosnia and Herzegovina,,93,5.129,2018
Mongolia,,94,5.125,2018
Vietnam,,95,5.103,2018
Indonesia,,96,5.093,2018
Bhutan,,97,5.082,2018
Somalia,,98,4.982,2018
Cameroon,,99,4.975,2018
Bulgaria,,100,4.933,2018
Nepal,,101,4.88,2018
Venezuela,,102,4.806,2018
Gabon,,103,4.758,2018
Palestinian Territories,,104,4.743,2018
South Africa,,105,4.724,2018
Iran,,106,4.707,2018
Ivory Coast,,107,4.671,2018
Ghana,,108,4.657,2018
Senegal,,109,4.631,2018
Laos,,110,4.623,2018
Tunisia,,111,4.592,2018
Albania,,112,4.586,2018
Sierra Leone,,113,4.571,2018
Congo (Brazzaville),,114,4.559,2018
Bangladesh,,115,4.5,2018
Sri Lanka,,116,4.471,2018
Iraq,,117,4.456,2018
Mali,,118,4.447,2018
Namibia,,119,4.441,2018
Cambodia,,120,4.433,2018
Burkina Faso,,121,4.424,2018
Egypt,,122,4.419,2018
Mozambique,,123,4.417,2018
Kenya,,124,4.41,2018
Zambia,,125,4.377,2018
Mauritania,,126,4.356,2018
Ethiopia,,127,4.35,2018
Georgia,,128,4.34,2018
Armenia,,129,4.321,2018
Myanmar,,130,4.308,2018
Chad,,131,4.301,2018
Congo (Kinshasa),,132,4.245,2018
India,,133,4.19,2018
Niger,,134,4.166,2018
Uganda,,135,4.161,2018
Benin,,136,4.141,2018
Sudan,,137,4.139,2018
Ukraine,,138,4.103,2018
Togo,,139,3.999,2018
Guinea,,140,3.964,2018
Lesotho,,141,3.808,2018
Angola,,142,3.795,2018
Madagascar,,143,3.774,2018
Zimbabwe,,144,3.692,2018
Afghanistan,,145,3.632,2018
Botswana,,146,3.59,2018
Malawi,,147,3.587,2018
Haiti,,148,3.582,2018
Liberia,,149,3.495,2018
Syria,,150,3.462,2018
Rwanda,,151,3.408,2018
Yemen,,152,3.355,2018
Tanzania,,153,3.303,2018
South Sudan,,154,3.254,2018
Central African Republic,,155,3.083,2018
Burundi,,156,2.905,2018
Finland,,1,7.769,2019
Denmark,,2,7.6,2019
Norway,,3,7.554,2019
Iceland,,4,7.494,2019
Netherlands,,5,7.488,2019
Switzerland,,6,7.48,2019
Sweden,,7,7.343,2019
New Zealand,,8,7.307,2019
Canada,,9,7.278,2019
Austria,,10,7.246,2019
Australia,,11,7.228,2019
Costa Rica,,12,7.167,2019
Israel,,13,7.139,2019
Luxembourg,,14,7.09,2019
United Kingdom,,15,7.054,2019
Ireland,,16,7.021,2019
Germany,,17,6.985,2019
Belgium,,18,6.923,2019
United States,,19,6.892,2019
Czech Republic,,20,6.852,2019
United Arab Emirates,,21,6.825,2019
Malta,,22,6.726,2019
Mexico,,23,6.595,2019
France,,24,6.592,2019
Taiwan,,25,6.446,2019
Chile,,26,6.444,2019
Guatemala,,27,6.436,2019
Saudi Arabia,,28,6.375,2019
Qatar,,29,6.374,2019
Spain,,30,6.354,2019
Panama,,31,6.321,2019
Brazil,,32,6.3,2019
Uruguay,,33,6.293,2019
Singapore,,34,6.262,2019
El Salvador,,35,6.253,2019
Italy,,36,6.223,2019
Bahrain,,37,6.199,2019
Slovakia,,38,6.198,2019
Trinidad & Tobago,,39,6.192,2019
Poland,,40,6.182,2019
Uzbekistan,,41,6.174,2019
Lithuania,,42,6.149,2019
Colombia,,43,6.125,2019
Slovenia,,44,6.118,2019
Nicaragua,,45,6.105,2019
Kosovo,,46,6.1,2019
Argentina,,47,6.086,2019
Romania,,48,6.07,2019
Cyprus,,49,6.046,2019
Ecuador,,50,6.028,2019
Kuwait,,51,6.021,2019
Thailand,,52,6.008,2019
Latvia,,53,5.94,2019
South Korea,,54,5.895,2019
Estonia,,55,5.893,2019
Jamaica,,56,5.89,2019
Mauritius,,57,5.888,2019
Japan,,58,5.886,2019
Honduras,,59,5.86,2019
Kazakhstan,,60,5.809,2019
Bolivia,,61,5.779,2019
Hungary,,62,5.758,2019
Paraguay,,63,5.743,2019
Northern Cyprus,,64,5.718,2019
Peru,,65,5.697,2019
Portugal,,66,5.693,2019
Pakistan,,67,5.653,2019
Russia,,68,5.648,2019
Philippines,,69,5.631,2019
Serbia,,70,5.603,2019
Moldova,,71,5.529,2019
Libya,,72,5.525,2019
Montenegro,,73,5.523,2019
Tajikistan,,74,5.467,2019
Croatia,,75,5.432,2019
Hong Kong,,76,5.43,2019
Dominican Republic,,77,5.425,2019
Bosnia and Herzegovina,,78,5.386,2019
Turkey,,79,5.373,2019
Malaysia,,80,5.339,2019
Belarus,,81,5.323,2019
Greece,,82,5.287,2019
Mongolia,,83,5.285,2019
North Macedonia,,84,5.274,2019
Nigeria,,85,5.265,2019
Kyrgyzstan,,86,5.261,2019
Turkmenistan,,87,5.247,2019
Algeria,,88,5.211,2019
Morocco,,89,5.208,2019
Azerbaijan,,90,5.208,2019
Lebanon,,91,5.197,2019
Indonesia,,92,5.192,2019
China,,93,5.191,2019
Vietnam,,94,5.175,2019
Bhutan,,95,5.082,2019
Cameroon,,96,5.044,2019
Bulgaria,,97,5.011,2019
Ghana,,98,4.996,2019
Ivory Coast,,99,4.944,2019
Nepal,,100,4.913,2019
Jordan,,101,4.906,2019
Benin,,102,4.883,2019
Congo (Brazzaville),,103,4.812,2019
Gabon,,104,4.799,2019
Laos,,105,4.796,2019
South Africa,,106,4.722,2019
Albania,,107,4.719,2019
Venezuela,,108,4.707,2019
Cambodia,,109,4.7,2019
Palestinian Territories,,110,4.696,2019
Senegal,,111,4.681,2019
Somalia,,112,4.668,2019
Namibia,,113,4.639,2019
Niger,,114,4.628,2019
Burkina Faso,,115,4.587,2019
Armenia,,116,4.559,2019
Iran,,117,4.548,2019
Guinea,,118,4.534,2019
Georgia,,119,4.519,2019
Gambia,,120,4.516,2019
Kenya,,121,4.509,2019
Mauritania,,122,4.49,2019
Mozambique,,123,4.466,2019
Tunisia,,124,4.461,2019
Bangladesh,,125,4.456,2019
Iraq,,126,4.437,2019
Congo (Kinshasa),,127,4.418,2019
Mali,,128,4.39,2019
Sierra Leone,,129,4.374,2019
Sri Lanka,,130,4.366,2019
Myanmar,,131,4.36,2019
Chad,,132,4.35,2019
Ukraine,,133,4.332,2019
Ethiopia,,134,4.286,2019
Swaziland,,135,4.212,2019
Uganda,,136,4.189,2019
Egypt,,137,4.166,2019
Zambia,,138,4.107,2019
Togo,,139,4.085,2019
India,,140,4.015,2019
Liberia,,141,3.975,2019
Comoros,,142,3.973,2019
Madagascar,,143,3.933,2019
Lesotho,,144,3.802,2019
Burundi,,145,3.775,2019
Zimbabwe,,146,3.663,2019
Haiti,,147,3.597,2019
Botswana,,148,3.488,2019
Syria,,149,3.462,2019
Malawi,,150,3.41,2019
Yemen,,151,3.38,2019
Rwanda,,152,3.334,2019
Tanzania,,153,3.231,2019
Afghanistan,,154,3.203,2019
Central African Republic,,155,3.083,2019
South Sudan,,156,2.853,2019
Finland,Western Europe,1,7.808700085,2020
Denmark,Western Europe,2,7.645599842,2020
Switzerland,Western Europe,3,7.559899807,2020
Iceland,Western Europe,4,7.504499912,2020
Norway,Western Europe,5,7.487999916,2020
Netherlands,Western Europe,6,7.448900223,2020
Sweden,Western Europe,7,7.353499889,2020
New Zealand,North America and ANZ,8,7.299600124,2020
Austria,Western Europe,9,7.294199944,2020
Luxembourg,Western Europe,10,7.237500191,2020
Canada,North America and ANZ,11,7.23210001,2020
Australia,North America and ANZ,12,7.222799778,2020
United Kingdom,Western Europe,13,7.164500237,2020
Israel,Middle East and North Africa,14,7.128600121,2020
Costa Rica,Latin America and Caribbean,15,7.121399879,2020
Ireland,Western Europe,16,7.093699932,2020
Germany,Western Europe,17,7.075799942,2020
United States,North America and ANZ,18,6.939599991,2020
Czech Republic,Central and Eastern Europe,19,6.910900116,2020
Belgium,Western Europe,20,6.863500118,2020
United Arab Emirates,Middle East and North Africa,21,6.790800095,2020
Malta,Western Europe,22,6.772799969,2020
France,Western Europe,23,6.663799763,2020
Mexico,Latin America and Caribbean,24,6.465000153,2020
Taiwan Province of China,East Asia,25,6.45539999,2020
Uruguay,Latin America and Caribbean,26,6.440100193,2020
Saudi Arabia,Middle East and North Africa,27,6.406499863,2020
Spain,Western Europe,28,6.400899887,2020
Guatemala,Latin America and Caribbean,29,6.398900032,2020
Italy,Western Europe,30,6.38740015,2020
Singapore,Southeast Asia,31,6.377099991,2020
Brazil,Latin America and Caribbean,32,6.375599861,2020
Slovenia,Central and Eastern Europe,33,6.363399982,2020
El Salvador,Latin America and Caribbean,34,6.34829998,2020
Kosovo,Central and Eastern Europe,35,6.325200081,2020
Panama,Latin America and Caribbean,36,6.304800034,2020
Slovakia,Central and Eastern Europe,37,6.280600071,2020
Uzbekistan,Commonwealth of Independent States,38,6.257599831,2020
Chile,Latin America and Caribbean,39,6.228499889,2020
Bahrain,Middle East and North Africa,40,6.227300167,2020
Lithuania,Central and Eastern Europe,41,6.215499878,2020
Trinidad and Tobago,Latin America and Caribbean,42,6.191899776,2020
Poland,Central and Eastern Europe,43,6.186299801,2020
Colombia,Latin America and Caribbean,44,6.163400173,2020
Cyprus,Western Europe,45,6.15899992,2020
Nicaragua,Latin America and Caribbean,46,6.13710022,2020
Romania,Central and Eastern Europe,47,6.123700142,2020
Kuwait,Middle East and North Africa,48,6.102099895,2020
Mauritius,Sub-Saharan Africa,49,6.101299763,2020
Kazakhstan,Commonwealth of Independent States,50,6.057899952,2020
Estonia,Central and Eastern Europe,51,6.021800041,2020
Philippines,Southeast Asia,52,6.006000042,2020
Hungary,Central and Eastern Europe,53,6.000400066,2020
Thailand,Southeast Asia,54,5.998799801,2020
Argentina,Latin America and Caribbean,55,5.974699974,2020
Honduras,Latin America and Caribbean,56,5.953199863,2020
Latvia,Central and Eastern Europe,57,5.949999809,2020
Ecuador,Latin America and Caribbean,58,5.925199986,2020
Portugal,Western Europe,59,5.910900116,2020
Jamaica,Latin America and Caribbean,60,5.889800072,2020
South Korea,East Asia,61,5.872399807,2020
Japan,East Asia,62,5.870800018,2020
Peru,Latin America and Caribbean,63,5.796800137,2020
Serbia,Central and Eastern Europe,64,5.77820015,2020
Bolivia,Latin America and Caribbean,65,5.747499943,2020
Pakistan,South Asia,66,5.69329977,2020
Paraguay,Latin America and Caribbean,67,5.692100048,2020
Dominican Republic,Latin America and Caribbean,68,5.689199924,2020
Bosnia and Herzegovina,Central and Eastern Europe,69,5.674099922,2020
Moldova,Commonwealth of Independent States,70,5.607500076,2020
Tajikistan,Commonwealth of Independent States,71,5.555699825,2020
Montenegro,Central and Eastern Europe,72,5.54610014,2020
Russia,Commonwealth of Independent States,73,5.546000004,2020
Kyrgyzstan,Commonwealth of Independent States,74,5.541500092,2020
Belarus,Commonwealth of Independent States,75,5.539899826,2020
North Cyprus,Western Europe,76,5.53550005,2020
Greece,Western Europe,77,5.514999866,2020
Hong Kong S.A.R. of China,East Asia,78,5.510399818,2020
Croatia,Central and Eastern Europe,79,5.504700184,2020
Libya,Middle East and North Africa,80,5.488800049,2020
Mongolia,East Asia,81,5.456200123,2020
Malaysia,Southeast Asia,82,5.384300232,2020
Vietnam,Southeast Asia,83,5.353499889,2020
Indonesia,Southeast Asia,84,5.285600185,2020
Ivory Coast,Sub-Saharan Africa,85,5.233300209,2020
Benin,Sub-Saharan Africa,86,5.21600008,2020
Maldives,South Asia,87,5.197599888,2020
Congo (Brazzaville),Sub-Saharan Africa,88,5.194399834,2020
Azerbaijan,Commonwealth of Independent States,89,5.164800167,2020
Macedonia,Central and Eastern Europe,90,5.159800053,2020
Ghana,Sub-Saharan Africa,91,5.147999763,2020
Nepal,South Asia,92,5.137199879,2020
Turkey,Middle East and North Africa,93,5.131800175,2020
China,East Asia,94,5.123899937,2020
Turkmenistan,Commonwealth of Independent States,95,5.119100094,2020
Bulgaria,Central and Eastern Europe,96,5.101500034,2020
Morocco,Middle East and North Africa,97,5.094799995,2020
Cameroon,Sub-Saharan Africa,98,5.084899902,2020
Venezuela,Latin America and Caribbean,99,5.053199768,2020
Algeria,Middle East and North Africa,100,5.005099773,2020
Senegal,Sub-Saharan Africa,101,4.980800152,2020
Guinea,Sub-Saharan Africa,102,4.949299812,2020
Niger,Sub-Saharan Africa,103,4.909599781,2020
Laos,Southeast Asia,104,4.888599873,2020
Albania,Central and Eastern Europe,105,4.882699966,2020
Cambodia,Southeast Asia,106,4.848400116,2020
Bangladesh,South Asia,107,4.832799911,2020
Gabon,Sub-Saharan Africa,108,4.829299927,2020
South Africa,Sub-Saharan Africa,109,4.814099789,2020
Iraq,Middle East and North Africa,110,4.784800053,2020
Lebanon,Middle East and North Africa,111,4.771500111,2020
Burkina Faso,Sub-Saharan Africa,112,4.768700123,2020
Gambia,Sub-Saharan Africa,113,4.750599861,2020
Mali,Sub-Saharan Africa,114,4.729300022,2020
Nigeria,Sub-Saharan Africa,115,4.724100113,2020
Armenia,Commonwealth of Independent States,116,4.676799774,2020
Georgia,Commonwealth of Independent States,117,4.672599792,2020
Iran,Middle East and North Africa,118,4.672399998,2020
Jordan,Middle East and North Africa,119,4.633399963,2020
Mozambique,Sub-Saharan Africa,120,4.623600006,2020
Kenya,Sub-Saharan Africa,121,4.583000183,2020
Namibia,Sub-Saharan Africa,122,4.571100235,2020
Ukraine,Commonwealth of Independent States,123,4.56069994,2020
Liberia,Sub-Saharan Africa,124,4.557899952,2020
Palestinian Territories,Middle East and North Africa,125,4.552800179,2020
Uganda,Sub-Saharan Africa,126,4.43200016,2020
Chad,Sub-Saharan Africa,127,4.422699928,2020
Tunisia,Middle East and North Africa,128,4.392199993,2020
Mauritania,Sub-Saharan Africa,129,4.374599934,2020
Sri Lanka,South Asia,130,4.327000141,2020
Congo (Kinshasa),Sub-Saharan Africa,131,4.31099987,2020
Swaziland,Sub-Saharan Africa,132,4.308100224,2020
Myanmar,Southeast Asia,133,4.308000088,2020
Comoros,Sub-Saharan Africa,134,4.288599968,2020
Togo,Sub-Saharan Africa,135,4.187200069,2020
Ethiopia,Sub-Saharan Africa,136,4.186200142,2020
Madagascar,Sub-Saharan Africa,137,4.165599823,2020
Egypt,Middle East and North Africa,138,4.151400089,2020
Sierra Leone,Sub-Saharan Africa,139,3.926399946,2020
Burundi,Sub-Saharan Africa,140,3.775300026,2020
Zambia,Sub-Saharan Africa,141,3.759399891,2020
Haiti,Latin America and Caribbean,142,3.720799923,2020
Lesotho,Sub-Saharan Africa,143,3.652800083,2020
India,South Asia,144,3.573299885,2020
Malawi,Sub-Saharan Africa,145,3.538000107,2020
Yemen,Middle East and North Africa,146,3.527400017,2020
Botswana,Sub-Saharan Africa,147,3.478899956,2020
Tanzania,Sub-Saharan Africa,148,3.476200104,2020
Central African Republic,Sub-Saharan Africa,149,3.475899935,2020
Rwanda,Sub-Saharan Africa,150,3.312299967,2020
Zimbabwe,Sub-Saharan Africa,151,3.299200058,2020
South Sudan,Sub-Saharan Africa,152,2.816600084,2020
Afghanistan,South Asia,153,2.566900015,2020
Finland,Western Europe,1,7.842,2021
Denmark,Western Europe,2,7.62,2021
Switzerland,Western Europe,3,7.571,2021
Iceland,Western Europe,4,7.554,2021
Netherlands,Western Europe,5,7.464,2021
Norway,Western Europe,6,7.392,2021
Sweden,Western Europe,7,7.363,2021
Luxembourg,Western Europe,8,7.324,2021
New Zealand,North America and ANZ,9,7.277,2021
Austria,Western Europe,10,7.268,2021
Australia,North America and ANZ,11,7.183,2021
Israel,Middle East and North Africa,12,7.157,2021
Germany,Western Europe,13,7.155,2021
Canada,North America and ANZ,14,7.103,2021
Ireland,Western Europe,15,7.085,2021
Costa Rica,Latin America and Caribbean,16,7.069,2021
United Kingdom,Western Europe,17,7.064,2021
Czech Republic,Central and Eastern Europe,18,6.965,2021
United States,North America and ANZ,19,6.951,2021
Belgium,Western Europe,20,6.834,2021
France,Western Europe,21,6.69,2021
Bahrain,Middle East and North Africa,22,6.647,2021
Malta,Western Europe,23,6.602,2021
Taiwan Province of China,East Asia,24,6.584,2021
United Arab Emirates,Middle East and North Africa,25,6.561,2021
Saudi Arabia,Middle East and North Africa,26,6.494,2021
Spain,Western Europe,27,6.491,2021
Italy,Western Europe,28,6.483,2021
Slovenia,Central and Eastern Europe,29,6.461,2021
Guatemala,Latin America and Caribbean,30,6.435,2021
Uruguay,Latin America and Caribbean,31,6.431,2021
Singapore,Southeast Asia,32,6.377,2021
Kosovo,Central and Eastern Europe,33,6.372,2021
Slovakia,Central and Eastern Europe,34,6.331,2021
Brazil,Latin America and Caribbean,35,6.33,2021
Mexico,Latin America and Caribbean,36,6.317,2021
Jamaica,Latin America and Caribbean,37,6.309,2021
Lithuania,Central and Eastern Europe,38,6.255,2021
Cyprus,Western Europe,39,6.223,2021
Estonia,Central and Eastern Europe,40,6.189,2021
Panama,Latin America and Caribbean,41,6.18,2021
Uzbekistan,Commonwealth of Independent States,42,6.179,2021
Chile,Latin America and Caribbean,43,6.172,2021
Poland,Central and Eastern Europe,44,6.166,2021
Kazakhstan,Commonwealth of Independent States,45,6.152,2021
Romania,Central and Eastern Europe,46,6.14,2021
Kuwait,Middle East and North Africa,47,6.106,2021
Serbia,Central and Eastern Europe,48,6.078,2021
El Salvador,Latin America and Caribbean,49,6.061,2021
Mauritius,Sub-Saharan Africa,50,6.049,2021
Latvia,Central and Eastern Europe,51,6.032,2021
Colombia,Latin America and Caribbean,52,6.012,2021
Hungary,Central and Eastern Europe,53,5.992,2021
Thailand,Southeast Asia,54,5.985,2021
Nicaragua,Latin America and Caribbean,55,5.972,2021
Japan,East Asia,56,5.94,2021
Argentina,Latin America and Caribbean,57,5.929,2021
Portugal,Western Europe,58,5.929,2021
Honduras,Latin America and Caribbean,59,5.919,2021
Croatia,Central and Eastern Europe,60,5.882,2021
Philippines,Southeast Asia,61,5.88,2021
South Korea,East Asia,62,5.845,2021
Peru,Latin America and Caribbean,63,5.84,2021
Bosnia and Herzegovina,Central and Eastern Europe,64,5.813,2021
Moldova,Commonwealth of Independent States,65,5.766,2021
Ecuador,Latin America and Caribbean,66,5.764,2021
Kyrgyzstan,Commonwealth of Independent States,67,5.744,2021
Greece,Western Europe,68,5.723,2021
Bolivia,Latin America and Caribbean,69,5.716,2021
Mongolia,East Asia,70,5.677,2021
Paraguay,Latin America and Caribbean,71,5.653,2021
Montenegro,Central and Eastern Europe,72,5.581,2021
Dominican Republic,Latin America and Caribbean,73,5.545,2021
North Cyprus,Western Europe,74,5.536,2021
Belarus,Commonwealth of Independent States,75,5.534,2021
Russia,Commonwealth of Independent States,76,5.477,2021
Hong Kong S.A.R. of China,East Asia,77,5.477,2021
Tajikistan,Commonwealth of Independent States,78,5.466,2021
Vietnam,Southeast Asia,79,5.411,2021
Libya,Middle East and North Africa,80,5.41,2021
Malaysia,Southeast Asia,81,5.384,2021
Indonesia,Southeast Asia,82,5.345,2021
Congo (Brazzaville),Sub-Saharan Africa,83,5.342,2021
China,East Asia,84,5.339,2021
Ivory Coast,Sub-Saharan Africa,85,5.306,2021
Armenia,Commonwealth of Independent States,86,5.283,2021
Nepal,South Asia,87,5.269,2021
Bulgaria,Central and Eastern Europe,88,5.266,2021
Maldives,South Asia,89,5.198,2021
Azerbaijan,Commonwealth of Independent States,90,5.171,2021
Cameroon,Sub-Saharan Africa,91,5.142,2021
Senegal,Sub-Saharan Africa,92,5.132,2021
Albania,Central and Eastern Europe,93,5.117,2021
North Macedonia,Central and Eastern Europe,94,5.101,2021
Ghana,Sub-Saharan Africa,95,5.088,2021
Niger,Sub-Saharan Africa,96,5.074,2021
Turkmenistan,Commonwealth of Independent States,97,5.066,2021
Gambia,Sub-Saharan Africa,98,5.051,2021
Benin,Sub-Saharan Africa,99,5.045,2021
Laos,Southeast Asia,100,5.03,2021
Bangladesh,South Asia,101,5.025,2021
Guinea,Sub-Saharan Africa,102,4.984,2021
South Africa,Sub-Saharan Africa,103,4.956,2021
Turkey,Middle East and North Africa,104,4.948,2021
Pakistan,South Asia,105,4.934,2021
Morocco,Middle East and North Africa,106,4.918,2021
Venezuela,Latin America and Caribbean,107,4.892,2021
Georgia,Commonwealth of Independent States,108,4.891,2021
Algeria,Middle East and North Africa,109,4.887,2021
Ukraine,Commonwealth of Independent States,110,4.875,2021
Iraq,Middle East and North Africa,111,4.854,2021
Gabon,Sub-Saharan Africa,112,4.852,2021
Burkina Faso,Sub-Saharan Africa,113,4.834,2021
Cambodia,Southeast Asia,114,4.83,2021
Mozambique,Sub-Saharan Africa,115,4.794,2021
Nigeria,Sub-Saharan Africa,116,4.759,2021
Mali,Sub-Saharan Africa,117,4.723,2021
Iran,Middle East and North Africa,118,4.721,2021
Uganda,Sub-Saharan Africa,119,4.636,2021
Liberia,Sub-Saharan Africa,120,4.625,2021
Kenya,Sub-Saharan Africa,121,4.607,2021
Tunisia,Middle East and North Africa,122,4.596,2021
Lebanon,Middle East and North Africa,123,4.584,2021
Namibia,Sub-Saharan Africa,124,4.574,2021
Palestinian Territories,Middle East and North Africa,125,4.517,2021
Myanmar,Southeast Asia,126,4.426,2021
Jordan,Middle East and North Africa,127,4.395,2021
Chad,Sub-Saharan Africa,128,4.355,2021
Sri Lanka,South Asia,129,4.325,2021
Swaziland,Sub-Saharan Africa,130,4.308,2021
Comoros,Sub-Saharan Africa,131,4.289,2021
Egypt,Middle East and North Africa,132,4.283,2021
Ethiopia,Sub-Saharan Africa,133,4.275,2021
Mauritania,Sub-Saharan Africa,134,4.227,2021
Madagascar,Sub-Saharan Africa,135,4.208,2021
Togo,Sub-Saharan Africa,136,4.107,2021
Zambia,Sub-Saharan Africa,137,4.073,2021
Sierra Leone,Sub-Saharan Africa,138,3.849,2021
India,South Asia,139,3.819,2021
Burundi,Sub-Saharan Africa,140,3.775,2021
Yemen,Middle East and North Africa,141,3.658,2021
Tanzania,Sub-Saharan Africa,142,3.623,2021
Haiti,Latin America and Caribbean,143,3.615,2021
Malawi,Sub-Saharan Africa,144,3.6,2021
Lesotho,Sub-Saharan Africa,145,3.512,2021
Botswana,Sub-Saharan Africa,146,3.467,2021
Rwanda,Sub-Saharan Africa,147,3.415,2021
Zimbabwe,Sub-Saharan Africa,148,3.145,2021
Afghanistan,South Asia,149,2.523,2021
